Wavelength (nm),CuNiOxPTAA_n,CuNiOxPTAA_k
300,1.66286,0.51681
301,1.67083,0.51383
302,1.67862,0.51067
303,1.68604,0.50718
304,1.69328,0.50356
305,1.70026,0.49974
306,1.70691,0.49572
307,1.71339,0.4916
308,1.71953,0.48729
309,1.72541,0.48287
310,1.73111,0.47838
311,1.7364,0.47374
312,1.74151,0.46905
313,1.74639,0.4643
314,1.75092,0.45948
315,1.75527,0.45464
316,1.75935,0.44977
317,1.76315,0.44489
318,1.76679,0.44001
319,1.77009,0.43514
320,1.77321,0.43029
321,1.77615,0.42546
322,1.77878,0.4207
323,1.78126,0.41597
324,1.78353,0.41131
325,1.78557,0.40673
326,1.78747,0.4022
327,1.78915,0.39779
328,1.79066,0.39346
329,1.79206,0.3892
330,1.79321,0.38511
331,1.79426,0.3811
332,1.79519,0.37719
333,1.79594,0.37346
334,1.79662,0.36981
335,1.79715,0.36632
336,1.79759,0.36298
337,1.79795,0.35973
338,1.7982,0.3567
339,1.79839,0.35379
340,1.79853,0.351
341,1.79859,0.34844
342,1.79862,0.34598
343,1.79862,0.3437
344,1.79859,0.34161
345,1.79856,0.33962
346,1.79852,0.33785
347,1.7985,0.33624
348,1.79849,0.33473
349,1.79854,0.33349
350,1.79863,0.33234
351,1.79877,0.33135
352,1.79901,0.33057
353,1.79931,0.32988
354,1.79973,0.32938
355,1.80028,0.32903
356,1.8009,0.32877
357,1.80174,0.3287
358,1.80271,0.32873
359,1.80381,0.32885
360,1.80519,0.32912
361,1.80671,0.32944
362,1.80846,0.32985
363,1.81048,0.33033
364,1.81267,0.33083
365,1.81521,0.33137
366,1.818,0.33189
367,1.82099,0.33241
368,1.82443,0.33284
369,1.82808,0.33321
370,1.83203,0.33347
371,1.83637,0.33353
372,1.84092,0.33347
373,1.84585,0.33314
374,1.85108,0.33252
375,1.85649,0.33172
376,1.86231,0.33038
377,1.86828,0.32875
378,1.87445,0.32675
379,1.88083,0.32411
380,1.88728,0.32113
381,1.89383,0.31755
382,1.90037,0.31336
383,1.90688,0.3088
384,1.91324,0.30342
385,1.91942,0.29757
386,1.92543,0.29128
387,1.93095,0.28419
388,1.93621,0.27679
389,1.94101,0.26888
390,1.9452,0.26049
391,1.94903,0.25186
392,1.95208,0.24284
393,1.95457,0.23364
394,1.95664,0.22431
395,1.9577,0.21485
396,1.95836,0.20542
397,1.95842,0.19602
398,1.95772,0.18678
399,1.95664,0.17767
400,1.95491,0.16882
401,1.9527,0.16026
402,1.95018,0.15189
403,1.94705,0.14401
404,1.94367,0.13642
405,1.94002,0.12912
406,1.936,0.12237
407,1.93184,0.11586
408,1.92745,0.10979
409,1.92292,0.10414
410,1.9183,0.09874
411,1.91357,0.09384
412,1.9088,0.08924
413,1.904,0.08489
414,1.89919,0.08103
415,1.89439,0.07736
416,1.88962,0.07399
417,1.8849,0.07096
418,1.88023,0.0681
419,1.87564,0.06555
420,1.87112,0.06322
421,1.86666,0.06103
422,1.86234,0.05916
423,1.85808,0.05741
424,1.85391,0.05583
425,1.84988,0.05445
426,1.84592,0.05318
427,1.84208,0.05207
428,1.83836,0.0511
429,1.8347,0.05021
430,1.83121,0.04949
431,1.82779,0.04884
432,1.82447,0.04827
433,1.8213,0.04783
434,1.8182,0.04745
435,1.81522,0.04715
436,1.81237,0.04692
437,1.80959,0.04675
438,1.80698,0.04665
439,1.80448,0.04656
440,1.80207,0.04648
441,1.7998,0.04641
442,1.79758,0.04633
443,1.79543,0.04627
444,1.79337,0.0462
445,1.79135,0.04613
446,1.78941,0.04607
447,1.78751,0.04601
448,1.78566,0.04595
449,1.78388,0.0459
450,1.78213,0.04584
451,1.78042,0.04579
452,1.77877,0.04574
453,1.77714,0.04569
454,1.77556,0.04564
455,1.77402,0.0456
456,1.7725,0.04555
457,1.77104,0.04551
458,1.76959,0.04547
459,1.76817,0.04543
460,1.7668,0.04539
461,1.76544,0.04535
462,1.76412,0.04531
463,1.76282,0.04528
464,1.76154,0.04524
465,1.7603,0.04521
466,1.75908,0.04517
467,1.75787,0.04514
468,1.7567,0.04511
469,1.75554,0.04508
470,1.75441,0.04504
471,1.7533,0.04501
472,1.7522,0.04499
473,1.75113,0.04496
474,1.75007,0.04493
475,1.74903,0.0449
476,1.74802,0.04487
477,1.74702,0.04484
478,1.74603,0.04482
479,1.74506,0.04479
480,1.74411,0.04477
481,1.74317,0.04474
482,1.74225,0.04471
483,1.74134,0.04469
484,1.74045,0.04466
485,1.73957,0.04464
486,1.7387,0.04461
487,1.73785,0.04459
488,1.73701,0.04456
489,1.73618,0.04454
490,1.73537,0.04451
491,1.73457,0.04449
492,1.73378,0.04447
493,1.733,0.04444
494,1.73223,0.04442
495,1.73147,0.04439
496,1.73073,0.04437
497,1.72999,0.04435
498,1.72927,0.04432
499,1.72855,0.0443
500,1.72784,0.04427
501,1.72715,0.04425
502,1.72646,0.04423
503,1.72578,0.0442
504,1.72511,0.04418
505,1.72445,0.04415
506,1.7238,0.04413
507,1.72316,0.04411
508,1.72252,0.04408
509,1.7219,0.04406
510,1.72128,0.04403
511,1.72067,0.04401
512,1.72007,0.04398
513,1.71947,0.04396
514,1.71888,0.04394
515,1.7183,0.04391
516,1.71773,0.04389
517,1.71716,0.04386
518,1.7166,0.04384
519,1.71605,0.04381
520,1.7155,0.04379
521,1.71496,0.04376
522,1.71442,0.04374
523,1.7139,0.04371
524,1.71337,0.04368
525,1.71286,0.04366
526,1.71235,0.04363
527,1.71184,0.04361
528,1.71134,0.04358
529,1.71085,0.04356
530,1.71036,0.04353
531,1.70988,0.0435
532,1.7094,0.04348
533,1.70893,0.04345
534,1.70846,0.04342
535,1.708,0.0434
536,1.70754,0.04337
537,1.70709,0.04334
538,1.70664,0.04332
539,1.7062,0.04329
540,1.70576,0.04326
541,1.70533,0.04324
542,1.7049,0.04321
543,1.70448,0.04318
544,1.70406,0.04315
545,1.70364,0.04313
546,1.70323,0.0431
547,1.70282,0.04307
548,1.70242,0.04304
549,1.70202,0.04301
550,1.70162,0.04299
551,1.70123,0.04296
552,1.70084,0.04293
553,1.70046,0.0429
554,1.70008,0.04287
555,1.6997,0.04284
556,1.69933,0.04282
557,1.69896,0.04279
558,1.69859,0.04276
559,1.69823,0.04273
560,1.69787,0.0427
561,1.69751,0.04267
562,1.69716,0.04264
563,1.69681,0.04261
564,1.69646,0.04258
565,1.69612,0.04255
566,1.69578,0.04253
567,1.69545,0.0425
568,1.69511,0.04247
569,1.69478,0.04244
570,1.69445,0.04241
571,1.69413,0.04238
572,1.69381,0.04235
573,1.69349,0.04232
574,1.69317,0.04229
575,1.69286,0.04226
576,1.69255,0.04223
577,1.69224,0.0422
578,1.69193,0.04217
579,1.69163,0.04214
580,1.69133,0.04211
581,1.69103,0.04208
582,1.69073,0.04205
583,1.69044,0.04201
584,1.69015,0.04198
585,1.68986,0.04195
586,1.68958,0.04192
587,1.68929,0.04189
588,1.68901,0.04186
589,1.68873,0.04183
590,1.68846,0.0418
591,1.68818,0.04177
592,1.68791,0.04174
593,1.68764,0.04171
594,1.68737,0.04168
595,1.68711,0.04164
596,1.68684,0.04161
597,1.68658,0.04158
598,1.68632,0.04155
599,1.68606,0.04152
600,1.68581,0.04149
601,1.68555,0.04146
602,1.6853,0.04143
603,1.68505,0.04139
604,1.68481,0.04136
605,1.68456,0.04133
606,1.68432,0.0413
607,1.68407,0.04127
608,1.68383,0.04124
609,1.68359,0.0412
610,1.68336,0.04117
611,1.68312,0.04114
612,1.68289,0.04111
613,1.68266,0.04108
614,1.68243,0.04105
615,1.6822,0.04101
616,1.68197,0.04098
617,1.68175,0.04095
618,1.68152,0.04092
619,1.6813,0.04089
620,1.68108,0.04085
621,1.68086,0.04082
622,1.68065,0.04079
623,1.68043,0.04076
624,1.68022,0.04073
625,1.68001,0.04069
626,1.67979,0.04066
627,1.67958,0.04063
628,1.67938,0.0406
629,1.67917,0.04057
630,1.67897,0.04053
631,1.67876,0.0405
632,1.67856,0.04047
633,1.67836,0.04044
634,1.67816,0.0404
635,1.67796,0.04037
636,1.67776,0.04034
637,1.67757,0.04031
638,1.67737,0.04028
639,1.67718,0.04024
640,1.67699,0.04021
641,1.6768,0.04018
642,1.67661,0.04015
643,1.67642,0.04011
644,1.67623,0.04008
645,1.67605,0.04005
646,1.67586,0.04002
647,1.67568,0.03998
648,1.6755,0.03995
649,1.67532,0.03992
650,1.67514,0.03989
651,1.67496,0.03986
652,1.67478,0.03982
653,1.6746,0.03979
654,1.67443,0.03976
655,1.67425,0.03973
656,1.67408,0.03969
657,1.67391,0.03966
658,1.67374,0.03963
659,1.67357,0.0396
660,1.6734,0.03956
661,1.67323,0.03953
662,1.67306,0.0395
663,1.6729,0.03947
664,1.67273,0.03943
665,1.67257,0.0394
666,1.6724,0.03937
667,1.67224,0.03934
668,1.67208,0.0393
669,1.67192,0.03927
670,1.67176,0.03924
671,1.6716,0.03921
672,1.67145,0.03917
673,1.67129,0.03914
674,1.67113,0.03911
675,1.67098,0.03908
676,1.67083,0.03905
677,1.67067,0.03901
678,1.67052,0.03898
679,1.67037,0.03895
680,1.67022,0.03892
681,1.67007,0.03888
682,1.66992,0.03885
683,1.66977,0.03882
684,1.66963,0.03879
685,1.66948,0.03875
686,1.66933,0.03872
687,1.66919,0.03869
688,1.66905,0.03866
689,1.6689,0.03863
690,1.66876,0.03859
691,1.66862,0.03856
692,1.66848,0.03853
693,1.66834,0.0385
694,1.6682,0.03847
695,1.66806,0.03843
696,1.66792,0.0384
697,1.66779,0.03837
698,1.66765,0.03834
699,1.66751,0.0383
700,1.66738,0.03827
701,1.66724,0.03824
702,1.66711,0.03821
703,1.66698,0.03818
704,1.66685,0.03814
705,1.66672,0.03811
706,1.66658,0.03808
707,1.66645,0.03805
708,1.66633,0.03802
709,1.6662,0.03798
710,1.66607,0.03795
711,1.66594,0.03792
712,1.66581,0.03789
713,1.66569,0.03786
714,1.66556,0.03782
715,1.66544,0.03779
716,1.66531,0.03776
717,1.66519,0.03773
718,1.66507,0.0377
719,1.66494,0.03767
720,1.66482,0.03763
721,1.6647,0.0376
722,1.66458,0.03757
723,1.66446,0.03754
724,1.66434,0.03751
725,1.66422,0.03748
726,1.6641,0.03745
727,1.66399,0.03741
728,1.66387,0.03738
729,1.66375,0.03735
730,1.66363,0.03732
731,1.66352,0.03729
732,1.6634,0.03726
733,1.66329,0.03722
734,1.66318,0.03719
735,1.66306,0.03716
736,1.66295,0.03713
737,1.66284,0.0371
738,1.66272,0.03707
739,1.66261,0.03704
740,1.6625,0.037
741,1.66239,0.03697
742,1.66228,0.03694
743,1.66217,0.03691
744,1.66206,0.03688
745,1.66195,0.03685
746,1.66185,0.03682
747,1.66174,0.03679
748,1.66163,0.03676
749,1.66152,0.03672
750,1.66142,0.03669
751,1.66131,0.03666
752,1.66121,0.03663
753,1.6611,0.0366
754,1.661,0.03657
755,1.66089,0.03654
756,1.66079,0.03651
757,1.66069,0.03648
758,1.66058,0.03645
759,1.66048,0.03642
760,1.66038,0.03638
761,1.66028,0.03635
762,1.66018,0.03632
763,1.66008,0.03629
764,1.65998,0.03626
765,1.65988,0.03623
766,1.65978,0.0362
767,1.65968,0.03617
768,1.65958,0.03614
769,1.65948,0.03611
770,1.65939,0.03608
771,1.65929,0.03605
772,1.65919,0.03602
773,1.65909,0.03599
774,1.659,0.03596
775,1.6589,0.03593
776,1.65881,0.0359
777,1.65871,0.03587
778,1.65862,0.03584
779,1.65852,0.03581
780,1.65843,0.03578
781,1.65834,0.03574
782,1.65824,0.03572
783,1.65815,0.03569
784,1.65806,0.03565
785,1.65796,0.03562
786,1.65787,0.03559
787,1.65778,0.03556
788,1.65769,0.03553
789,1.6576,0.0355
790,1.65751,0.03548
791,1.65742,0.03545
792,1.65733,0.03542
793,1.65724,0.03539
794,1.65715,0.03536
795,1.65706,0.03533
796,1.65697,0.0353
797,1.65688,0.03527
798,1.6568,0.03524
799,1.65671,0.03521
800,1.65662,0.03518
801,1.65654,0.03515
802,1.65645,0.03512
803,1.65636,0.03509
804,1.65628,0.03506
805,1.65619,0.03503
806,1.6561,0.035
807,1.65602,0.03497
808,1.65593,0.03494
809,1.65585,0.03491
810,1.65577,0.03488
811,1.65568,0.03485
812,1.6556,0.03483
813,1.65551,0.0348
814,1.65543,0.03477
815,1.65535,0.03474
816,1.65527,0.03471
817,1.65518,0.03468
818,1.6551,0.03465
819,1.65502,0.03462
820,1.65494,0.03459
821,1.65486,0.03456
822,1.65478,0.03453
823,1.6547,0.03451
824,1.65462,0.03448
825,1.65453,0.03445
826,1.65445,0.03442
827,1.65438,0.03439
828,1.6543,0.03436
829,1.65422,0.03433
830,1.65414,0.0343
831,1.65406,0.03428
832,1.65398,0.03425
833,1.6539,0.03422
834,1.65382,0.03419
835,1.65375,0.03416
836,1.65367,0.03413
837,1.65359,0.0341
838,1.65351,0.03408
839,1.65344,0.03405
840,1.65336,0.03402
841,1.65329,0.03399
842,1.65321,0.03396
843,1.65313,0.03393
844,1.65306,0.03391
845,1.65298,0.03388
846,1.65291,0.03385
847,1.65283,0.03382
848,1.65276,0.03379
849,1.65268,0.03377
850,1.65261,0.03374
851,1.65253,0.03371
852,1.65246,0.03368
853,1.65239,0.03365
854,1.65231,0.03363
855,1.65224,0.0336
856,1.65217,0.03357
857,1.65209,0.03354
858,1.65202,0.03352
859,1.65195,0.03349
860,1.65188,0.03346
861,1.65181,0.03343
862,1.65173,0.0334
863,1.65166,0.03338
864,1.65159,0.03335
865,1.65152,0.03332
866,1.65145,0.03329
867,1.65138,0.03327
868,1.65131,0.03324
869,1.65124,0.03321
870,1.65117,0.03319
871,1.6511,0.03316
872,1.65103,0.03313
873,1.65096,0.0331
874,1.65089,0.03308
875,1.65082,0.03305
876,1.65075,0.03302
877,1.65068,0.03299
878,1.65061,0.03297
879,1.65054,0.03294
880,1.65047,0.03291
881,1.6504,0.03289
882,1.65034,0.03286
883,1.65027,0.03283
884,1.6502,0.03281
885,1.65013,0.03278
886,1.65007,0.03275
887,1.65,0.03273
888,1.64993,0.0327
889,1.64986,0.03267
890,1.6498,0.03265
891,1.64973,0.03262
892,1.64966,0.03259
893,1.6496,0.03257
894,1.64953,0.03254
895,1.64946,0.03251
896,1.6494,0.03249
897,1.64933,0.03246
898,1.64927,0.03243
899,1.6492,0.03241
900,1.64914,0.03238
901,1.64907,0.03235
902,1.64901,0.03233
903,1.64894,0.0323
904,1.64888,0.03228
905,1.64881,0.03225
906,1.64875,0.03222
907,1.64868,0.0322
908,1.64862,0.03217
909,1.64856,0.03214
910,1.64849,0.03212
911,1.64843,0.03209
912,1.64837,0.03207
913,1.6483,0.03204
914,1.64824,0.03201
915,1.64818,0.03199
916,1.64811,0.03196
917,1.64805,0.03194
918,1.64799,0.03191
919,1.64792,0.03189
920,1.64786,0.03186
921,1.6478,0.03183
922,1.64774,0.03181
923,1.64767,0.03178
924,1.64761,0.03176
925,1.64755,0.03173
926,1.64749,0.03171
927,1.64743,0.03168
928,1.64737,0.03166
929,1.64731,0.03163
930,1.64724,0.0316
931,1.64718,0.03158
932,1.64712,0.03155
933,1.64706,0.03153
934,1.647,0.0315
935,1.64694,0.03148
936,1.64688,0.03145
937,1.64682,0.03143
938,1.64676,0.0314
939,1.6467,0.03138
940,1.64664,0.03135
941,1.64658,0.03133
942,1.64652,0.0313
943,1.64646,0.03128
944,1.6464,0.03125
945,1.64634,0.03123
946,1.64628,0.0312
947,1.64622,0.03118
948,1.64616,0.03115
949,1.6461,0.03113
950,1.64604,0.0311
951,1.64599,0.03108
952,1.64593,0.03105
953,1.64587,0.03103
954,1.64581,0.03101
955,1.64575,0.03098
956,1.64569,0.03096
957,1.64563,0.03093
958,1.64558,0.03091
959,1.64552,0.03088
960,1.64546,0.03086
961,1.6454,0.03083
962,1.64535,0.03081
963,1.64529,0.03079
964,1.64523,0.03076
965,1.64517,0.03074
966,1.64512,0.03071
967,1.64506,0.03069
968,1.645,0.03066
969,1.64494,0.03064
970,1.64489,0.03062
971,1.64483,0.03059
972,1.64477,0.03057
973,1.64472,0.03054
974,1.64466,0.03052
975,1.6446,0.0305
976,1.64455,0.03047
977,1.64449,0.03045
978,1.64444,0.03042
979,1.64438,0.0304
980,1.64432,0.03038
981,1.64427,0.03035
982,1.64421,0.03033
983,1.64416,0.03031
984,1.6441,0.03028
985,1.64404,0.03026
986,1.64399,0.03023
987,1.64393,0.03021
988,1.64388,0.03019
989,1.64382,0.03016
990,1.64377,0.03014
991,1.64371,0.03012
992,1.64366,0.03009
993,1.6436,0.03007
994,1.64355,0.03005
995,1.64349,0.03002
996,1.64344,0.03
997,1.64338,0.02998
998,1.64333,0.02995
999,1.64327,0.02993
1000,1.64322,0.02991
1001,1.64317,0.02988
1002,1.64311,0.02986
1003,1.64306,0.02984
1004,1.643,0.02981
1005,1.64295,0.02979
1006,1.6429,0.02977
1007,1.64284,0.02975
1008,1.64279,0.02972
1009,1.64274,0.0297
1010,1.64268,0.02968
1011,1.64263,0.02965
1012,1.64257,0.02963
1013,1.64252,0.02961
1014,1.64247,0.02959
1015,1.64241,0.02956
1016,1.64236,0.02954
1017,1.64231,0.02952
1018,1.64225,0.0295
1019,1.6422,0.02947
1020,1.64215,0.02945
1021,1.64209,0.02943
1022,1.64204,0.0294
1023,1.64199,0.02938
1024,1.64194,0.02936
1025,1.64188,0.02934
1026,1.64183,0.02932
1027,1.64178,0.02929
1028,1.64173,0.02927
1029,1.64167,0.02925
1030,1.64162,0.02923
1031,1.64157,0.0292
1032,1.64152,0.02918
1033,1.64146,0.02916
1034,1.64141,0.02914
1035,1.64136,0.02911
1036,1.64131,0.02909
1037,1.64126,0.02907
1038,1.6412,0.02905
1039,1.64115,0.02903
1040,1.6411,0.029
1041,1.64105,0.02898
1042,1.641,0.02896
1043,1.64095,0.02894
1044,1.64089,0.02892
1045,1.64084,0.02889
1046,1.64079,0.02887
1047,1.64074,0.02885
1048,1.64069,0.02883
1049,1.64064,0.02881
1050,1.64059,0.02879
1051,1.64053,0.02876
1052,1.64048,0.02874
1053,1.64043,0.02872
1054,1.64038,0.0287
1055,1.64033,0.02868
1056,1.64028,0.02866
1057,1.64023,0.02864
1058,1.64018,0.02861
1059,1.64013,0.02859
1060,1.64008,0.02857
1061,1.64003,0.02855
1062,1.63998,0.02853
1063,1.63992,0.02851
1064,1.63987,0.02849
1065,1.63982,0.02846
1066,1.63977,0.02844
1067,1.63972,0.02842
1068,1.63967,0.0284
1069,1.63962,0.02838
1070,1.63957,0.02836
1071,1.63952,0.02834
1072,1.63947,0.02832
1073,1.63942,0.02829
1074,1.63937,0.02827
1075,1.63932,0.02825
1076,1.63927,0.02823
1077,1.63922,0.02821
1078,1.63917,0.02819
1079,1.63912,0.02817
1080,1.63907,0.02815
1081,1.63902,0.02813
1082,1.63897,0.02811
1083,1.63892,0.02809
1084,1.63887,0.02806
1085,1.63882,0.02804
1086,1.63877,0.02802
1087,1.63872,0.028
1088,1.63867,0.02798
1089,1.63863,0.02796
1090,1.63858,0.02794
1091,1.63853,0.02792
1092,1.63848,0.0279
1093,1.63843,0.02788
1094,1.63838,0.02786
1095,1.63833,0.02784
1096,1.63828,0.02782
1097,1.63823,0.0278
1098,1.63818,0.02778
1099,1.63813,0.02776
1100,1.63808,0.02774
1101,1.63804,0.02772
1102,1.63799,0.0277
1103,1.63794,0.02768
1104,1.63789,0.02766
1105,1.63784,0.02763
1106,1.63779,0.02761
1107,1.63774,0.02759
1108,1.63769,0.02757
1109,1.63764,0.02755
1110,1.6376,0.02753
1111,1.63755,0.02751
1112,1.6375,0.02749
1113,1.63745,0.02747
1114,1.6374,0.02745
1115,1.63735,0.02743
1116,1.6373,0.02741
1117,1.63726,0.02739
1118,1.63721,0.02738
1119,1.63716,0.02736
1120,1.63711,0.02734
1121,1.63706,0.02732
1122,1.63701,0.0273
1123,1.63697,0.02728
1124,1.63692,0.02726
1125,1.63687,0.02724
1126,1.63682,0.02722
1127,1.63677,0.0272
1128,1.63672,0.02718
1129,1.63668,0.02716
1130,1.63663,0.02714
1131,1.63658,0.02712
1132,1.63653,0.0271
1133,1.63648,0.02708
1134,1.63644,0.02706
1135,1.63639,0.02704
1136,1.63634,0.02702
1137,1.63629,0.027
1138,1.63625,0.02698
1139,1.6362,0.02696
1140,1.63615,0.02695
1141,1.6361,0.02693
1142,1.63605,0.02691
1143,1.63601,0.02689
1144,1.63596,0.02687
1145,1.63591,0.02685
1146,1.63586,0.02683
1147,1.63582,0.02681
1148,1.63577,0.02679
1149,1.63572,0.02677
1150,1.63567,0.02675
1151,1.63563,0.02673
1152,1.63558,0.02672
1153,1.63553,0.0267
1154,1.63548,0.02668
1155,1.63544,0.02666
1156,1.63539,0.02664
1157,1.63534,0.02662
1158,1.63529,0.0266
1159,1.63525,0.02658
1160,1.6352,0.02656
1161,1.63515,0.02655
1162,1.6351,0.02653
1163,1.63506,0.02651
1164,1.63501,0.02649
1165,1.63496,0.02647
1166,1.63491,0.02645
1167,1.63487,0.02643
1168,1.63482,0.02642
1169,1.63477,0.0264
1170,1.63473,0.02638
1171,1.63468,0.02636
1172,1.63463,0.02634
1173,1.63459,0.02632
1174,1.63454,0.0263
1175,1.63449,0.02629
1176,1.63444,0.02627
1177,1.6344,0.02625
1178,1.63435,0.02623
1179,1.6343,0.02621
1180,1.63426,0.02619
1181,1.63421,0.02618
1182,1.63416,0.02616
1183,1.63412,0.02614
1184,1.63407,0.02612
1185,1.63402,0.0261
1186,1.63397,0.02608
1187,1.63393,0.02607
1188,1.63388,0.02605
1189,1.63383,0.02603
1190,1.63379,0.02601
1191,1.63374,0.02599
1192,1.63369,0.02598
1193,1.63365,0.02596
1194,1.6336,0.02594
1195,1.63355,0.02592
1196,1.63351,0.0259
1197,1.63346,0.02589
1198,1.63341,0.02587
1199,1.63337,0.02585
1200,1.63332,0.02583
1201,1.63327,0.02581
1202,1.63323,0.0258
1203,1.63318,0.02578
1204,1.63313,0.02576
1205,1.63309,0.02574
1206,1.63304,0.02573
1207,1.63299,0.02571
1208,1.63295,0.02569
1209,1.6329,0.02567
1210,1.63286,0.02566
1211,1.63281,0.02564
1212,1.63276,0.02562
1213,1.63272,0.0256
1214,1.63267,0.02559
1215,1.63262,0.02557
1216,1.63258,0.02555
1217,1.63253,0.02553
1218,1.63248,0.02552
1219,1.63244,0.0255
1220,1.63239,0.02548
1221,1.63234,0.02546
1222,1.6323,0.02545
1223,1.63225,0.02543
1224,1.63221,0.02541
1225,1.63216,0.02539
1226,1.63211,0.02538
1227,1.63207,0.02536
1228,1.63202,0.02534
1229,1.63197,0.02533
1230,1.63193,0.02531
1231,1.63188,0.02529
1232,1.63183,0.02527
1233,1.63179,0.02526
1234,1.63174,0.02524
1235,1.6317,0.02522
1236,1.63165,0.02521
1237,1.6316,0.02519
1238,1.63156,0.02517
1239,1.63151,0.02515
1240,1.63147,0.02514
1241,1.63142,0.02512
1242,1.63137,0.0251
1243,1.63133,0.02509
1244,1.63128,0.02507
1245,1.63123,0.02505
1246,1.63119,0.02504
1247,1.63114,0.02502
1248,1.6311,0.025
1249,1.63105,0.02499
1250,1.631,0.02497
1251,1.63096,0.02495
1252,1.63091,0.02494
1253,1.63086,0.02492
1254,1.63082,0.0249
1255,1.63077,0.02489
1256,1.63073,0.02487
1257,1.63068,0.02485
1258,1.63063,0.02484
1259,1.63059,0.02482
1260,1.63054,0.0248
1261,1.6305,0.02479
1262,1.63045,0.02477
1263,1.6304,0.02475
1264,1.63036,0.02474
1265,1.63031,0.02472
1266,1.63027,0.0247
1267,1.63022,0.02469
1268,1.63017,0.02467
1269,1.63013,0.02466
1270,1.63008,0.02464
1271,1.63004,0.02462
1272,1.62999,0.02461
1273,1.62994,0.02459
1274,1.6299,0.02457
1275,1.62985,0.02456
1276,1.62981,0.02454
1277,1.62976,0.02453
1278,1.62971,0.02451
1279,1.62967,0.02449
1280,1.62962,0.02448
1281,1.62958,0.02446
1282,1.62953,0.02444
1283,1.62948,0.02443
1284,1.62944,0.02441
1285,1.62939,0.0244
1286,1.62935,0.02438
1287,1.6293,0.02436
1288,1.62925,0.02435
1289,1.62921,0.02433
1290,1.62916,0.02432
1291,1.62912,0.0243
1292,1.62907,0.02429
1293,1.62902,0.02427
1294,1.62898,0.02425
1295,1.62893,0.02424
1296,1.62889,0.02422
1297,1.62884,0.02421
1298,1.62879,0.02419
1299,1.62875,0.02417
1300,1.6287,0.02416
1301,1.62866,0.02414
1302,1.62861,0.02413
1303,1.62856,0.02411
1304,1.62852,0.0241
1305,1.62847,0.02408
1306,1.62843,0.02407
1307,1.62838,0.02405
1308,1.62833,0.02403
1309,1.62829,0.02402
1310,1.62824,0.024
1311,1.6282,0.02399
1312,1.62815,0.02397
1313,1.6281,0.02396
1314,1.62806,0.02394
1315,1.62801,0.02393
1316,1.62797,0.02391
1317,1.62792,0.0239
1318,1.62787,0.02388
1319,1.62783,0.02386
1320,1.62778,0.02385
1321,1.62774,0.02383
1322,1.62769,0.02382
1323,1.62764,0.0238
1324,1.6276,0.02379
1325,1.62755,0.02377
1326,1.62751,0.02376
1327,1.62746,0.02374
1328,1.62741,0.02373
1329,1.62737,0.02371
1330,1.62732,0.0237
1331,1.62728,0.02368
1332,1.62723,0.02367
1333,1.62718,0.02365
1334,1.62714,0.02364
1335,1.62709,0.02362
1336,1.62705,0.02361
1337,1.627,0.02359
1338,1.62695,0.02358
1339,1.62691,0.02356
1340,1.62686,0.02355
1341,1.62682,0.02353
1342,1.62677,0.02352
1343,1.62672,0.0235
1344,1.62668,0.02349
1345,1.62663,0.02347
1346,1.62659,0.02346
1347,1.62654,0.02344
1348,1.62649,0.02343
1349,1.62645,0.02341
1350,1.6264,0.0234
1351,1.62635,0.02338
1352,1.62631,0.02337
1353,1.62626,0.02335
1354,1.62622,0.02334
1355,1.62617,0.02332
1356,1.62612,0.02331
1357,1.62608,0.0233
1358,1.62603,0.02328
1359,1.62599,0.02327
1360,1.62594,0.02325
1361,1.62589,0.02324
1362,1.62585,0.02322
1363,1.6258,0.02321
1364,1.62576,0.02319
1365,1.62571,0.02318
1366,1.62566,0.02316
1367,1.62562,0.02315
1368,1.62557,0.02314
1369,1.62552,0.02312
1370,1.62548,0.02311
1371,1.62543,0.02309
1372,1.62539,0.02308
1373,1.62534,0.02306
1374,1.62529,0.02305
1375,1.62525,0.02303
1376,1.6252,0.02302
1377,1.62515,0.02301
1378,1.62511,0.02299
1379,1.62506,0.02298
1380,1.62502,0.02296
1381,1.62497,0.02295
1382,1.62492,0.02294
1383,1.62488,0.02292
1384,1.62483,0.02291
1385,1.62478,0.02289
1386,1.62474,0.02288
1387,1.62469,0.02286
1388,1.62465,0.02285
1389,1.6246,0.02284
1390,1.62455,0.02282
1391,1.62451,0.02281
1392,1.62446,0.02279
1393,1.62441,0.02278
1394,1.62437,0.02277
1395,1.62432,0.02275
1396,1.62427,0.02274
1397,1.62423,0.02272
1398,1.62418,0.02271
1399,1.62414,0.0227
1400,1.62409,0.02268
1401,1.62404,0.02267
1402,1.624,0.02265
1403,1.62395,0.02264
1404,1.6239,0.02263
1405,1.62386,0.02261
1406,1.62381,0.0226
1407,1.62376,0.02259
1408,1.62372,0.02257
1409,1.62367,0.02256
1410,1.62362,0.02254
1411,1.62358,0.02253
1412,1.62353,0.02252
1413,1.62349,0.0225
1414,1.62344,0.02249
1415,1.62339,0.02248
1416,1.62335,0.02246
1417,1.6233,0.02245
1418,1.62325,0.02243
1419,1.62321,0.02242
1420,1.62316,0.02241
1421,1.62311,0.02239
1422,1.62307,0.02238
1423,1.62302,0.02237
1424,1.62297,0.02235
1425,1.62293,0.02234
1426,1.62288,0.02233
1427,1.62283,0.02231
1428,1.62279,0.0223
1429,1.62274,0.02229
1430,1.62269,0.02227
1431,1.62265,0.02226
1432,1.6226,0.02225
1433,1.62255,0.02223
1434,1.62251,0.02222
1435,1.62246,0.02221
1436,1.62241,0.02219
1437,1.62237,0.02218
1438,1.62232,0.02217
1439,1.62227,0.02215
1440,1.62223,0.02214
1441,1.62218,0.02213
1442,1.62213,0.02211
1443,1.62208,0.0221
1444,1.62204,0.02209
1445,1.62199,0.02207
1446,1.62194,0.02206
1447,1.6219,0.02205
1448,1.62185,0.02203
1449,1.6218,0.02202
1450,1.62176,0.02201
1451,1.62171,0.02199
1452,1.62166,0.02198
1453,1.62162,0.02197
1454,1.62157,0.02196
1455,1.62152,0.02194
1456,1.62148,0.02193
1457,1.62143,0.02192
1458,1.62138,0.0219
1459,1.62133,0.02189
1460,1.62129,0.02188
1461,1.62124,0.02187
1462,1.62119,0.02185
1463,1.62115,0.02184
1464,1.6211,0.02183
1465,1.62105,0.02181
1466,1.621,0.0218
1467,1.62096,0.02179
1468,1.62091,0.02178
1469,1.62086,0.02176
1470,1.62082,0.02175
1471,1.62077,0.02174
1472,1.62072,0.02172
1473,1.62067,0.02171
1474,1.62063,0.0217
1475,1.62058,0.02169
1476,1.62053,0.02167
1477,1.62049,0.02166
1478,1.62044,0.02165
1479,1.62039,0.02164
1480,1.62034,0.02162
1481,1.6203,0.02161
1482,1.62025,0.0216
1483,1.6202,0.02159
1484,1.62016,0.02157
1485,1.62011,0.02156
1486,1.62006,0.02155
1487,1.62001,0.02153
1488,1.61997,0.02152
1489,1.61992,0.02151
1490,1.61987,0.0215
1491,1.61982,0.02148
1492,1.61978,0.02147
1493,1.61973,0.02146
1494,1.61968,0.02145
1495,1.61963,0.02143
1496,1.61959,0.02142
1497,1.61954,0.02141
1498,1.61949,0.0214
1499,1.61944,0.02139
1500,1.6194,0.02137
1501,1.61935,0.02136
1502,1.6193,0.02135
1503,1.61925,0.02134
1504,1.61921,0.02132
1505,1.61916,0.02131
1506,1.61911,0.0213
1507,1.61906,0.02129
1508,1.61902,0.02128
1509,1.61897,0.02126
1510,1.61892,0.02125
1511,1.61887,0.02124
1512,1.61883,0.02123
1513,1.61878,0.02121
1514,1.61873,0.0212
1515,1.61868,0.02119
1516,1.61863,0.02118
1517,1.61859,0.02117
1518,1.61854,0.02115
1519,1.61849,0.02114
1520,1.61844,0.02113
1521,1.61839,0.02112
1522,1.61835,0.02111
1523,1.6183,0.02109
1524,1.61825,0.02108
1525,1.6182,0.02107
1526,1.61816,0.02106
1527,1.61811,0.02105
1528,1.61806,0.02103
1529,1.61801,0.02102
1530,1.61796,0.02101
1531,1.61792,0.021
1532,1.61787,0.02099
1533,1.61782,0.02097
1534,1.61777,0.02096
1535,1.61772,0.02095
1536,1.61768,0.02094
1537,1.61763,0.02093
1538,1.61758,0.02091
1539,1.61753,0.0209
1540,1.61748,0.02089
1541,1.61743,0.02088
1542,1.61739,0.02087
1543,1.61734,0.02086
1544,1.61729,0.02084
1545,1.61724,0.02083
1546,1.61719,0.02082
1547,1.61715,0.02081
1548,1.6171,0.0208
1549,1.61705,0.02079
1550,1.617,0.02077
1551,1.61695,0.02076
1552,1.6169,0.02075
1553,1.61686,0.02074
1554,1.61681,0.02073
1555,1.61676,0.02072
1556,1.61671,0.0207
1557,1.61666,0.02069
1558,1.61661,0.02068
1559,1.61657,0.02067
1560,1.61652,0.02066
1561,1.61647,0.02065
1562,1.61642,0.02063
1563,1.61637,0.02062
1564,1.61632,0.02061
1565,1.61627,0.0206
1566,1.61623,0.02059
1567,1.61618,0.02058
1568,1.61613,0.02057
1569,1.61608,0.02055
1570,1.61603,0.02054
1571,1.61598,0.02053
1572,1.61593,0.02052
1573,1.61589,0.02051
1574,1.61584,0.0205
1575,1.61579,0.02049
1576,1.61574,0.02048
1577,1.61569,0.02046
1578,1.61564,0.02045
1579,1.61559,0.02044
1580,1.61555,0.02043
1581,1.6155,0.02042
1582,1.61545,0.02041
1583,1.6154,0.0204
1584,1.61535,0.02039
1585,1.6153,0.02037
1586,1.61525,0.02036
1587,1.6152,0.02035
1588,1.61515,0.02034
1589,1.6151,0.02033
1590,1.61506,0.02032
1591,1.61501,0.02031
1592,1.61496,0.0203
1593,1.61491,0.02029
1594,1.61486,0.02027
1595,1.61481,0.02026
1596,1.61476,0.02025
1597,1.61471,0.02024
1598,1.61466,0.02023
1599,1.61461,0.02022
1600,1.61457,0.02021
1601,1.61452,0.0202
1602,1.61447,0.02019
1603,1.61442,0.02017
1604,1.61437,0.02016
1605,1.61432,0.02015
1606,1.61427,0.02014
1607,1.61422,0.02013
1608,1.61417,0.02012
1609,1.61412,0.02011
1610,1.61407,0.0201
1611,1.61402,0.02009
1612,1.61397,0.02008
1613,1.61392,0.02007
1614,1.61388,0.02005
1615,1.61383,0.02004
1616,1.61378,0.02003
1617,1.61373,0.02002
1618,1.61368,0.02001
1619,1.61363,0.02
1620,1.61358,0.01999
1621,1.61353,0.01998
1622,1.61348,0.01997
1623,1.61343,0.01996
1624,1.61338,0.01995
1625,1.61333,0.01994
1626,1.61328,0.01993
1627,1.61323,0.01992
1628,1.61318,0.0199
1629,1.61313,0.01989
1630,1.61308,0.01988
1631,1.61303,0.01987
1632,1.61298,0.01986
1633,1.61293,0.01985
1634,1.61288,0.01984
1635,1.61283,0.01983
1636,1.61278,0.01982
1637,1.61273,0.01981
1638,1.61268,0.0198
1639,1.61263,0.01979
1640,1.61258,0.01978
1641,1.61253,0.01977
1642,1.61248,0.01976
1643,1.61244,0.01975
1644,1.61239,0.01974
1645,1.61234,0.01972
1646,1.61229,0.01971
1647,1.61224,0.0197
1648,1.61219,0.01969
1649,1.61214,0.01968
1650,1.61209,0.01967
1651,1.61203,0.01966
1652,1.61198,0.01965
1653,1.61193,0.01964
1654,1.61188,0.01963
1655,1.61183,0.01962
1656,1.61178,0.01961
1657,1.61173,0.0196
1658,1.61168,0.01959
1659,1.61163,0.01958
1660,1.61158,0.01957
1661,1.61153,0.01956
1662,1.61148,0.01955
1663,1.61143,0.01954
1664,1.61138,0.01953
1665,1.61133,0.01952
1666,1.61128,0.01951
1667,1.61123,0.0195
1668,1.61118,0.01949
1669,1.61113,0.01948
1670,1.61108,0.01947
1671,1.61103,0.01946
1672,1.61098,0.01945
1673,1.61093,0.01944
1674,1.61088,0.01943
1675,1.61083,0.01942
1676,1.61078,0.01941
1677,1.61073,0.0194
1678,1.61068,0.01938
1679,1.61063,0.01937
1680,1.61057,0.01936
1681,1.61052,0.01935
1682,1.61047,0.01934
1683,1.61042,0.01933
1684,1.61037,0.01932
1685,1.61032,0.01931
1686,1.61027,0.0193
1687,1.61022,0.01929
1688,1.61017,0.01929
1689,1.61012,0.01928
1690,1.61007,0.01927
1691,1.61002,0.01926
1692,1.60997,0.01925
1693,1.60992,0.01924
1694,1.60986,0.01923
1695,1.60981,0.01922
1696,1.60976,0.01921
1697,1.60971,0.0192
1698,1.60966,0.01919
1699,1.60961,0.01918
1700,1.60956,0.01917
