Wavelength (nm),CuNiOx_n,CuNiOx_k
200,1.38345,0.43859
201,1.37693,0.43845
202,1.3704,0.4383
203,1.36633,0.43732
204,1.36392,0.43579
205,1.36322,0.43365
206,1.3629,0.43139
207,1.36307,0.42895
208,1.36361,0.42639
209,1.36429,0.42379
210,1.36513,0.42115
211,1.36605,0.41851
212,1.367,0.41586
213,1.36799,0.41324
214,1.36898,0.41065
215,1.36997,0.40808
216,1.37093,0.40558
217,1.37188,0.40312
218,1.3728,0.40071
219,1.37369,0.39837
220,1.37456,0.39607
221,1.37539,0.39385
222,1.37619,0.3917
223,1.37697,0.3896
224,1.37771,0.3876
225,1.37843,0.38565
226,1.37913,0.38376
227,1.3798,0.38198
228,1.38046,0.38024
229,1.3811,0.37858
230,1.38173,0.37701
231,1.38235,0.37549
232,1.38297,0.37406
233,1.38358,0.3727
234,1.38419,0.37139
235,1.38481,0.37019
236,1.38543,0.36904
237,1.38606,0.36794
238,1.3867,0.36694
239,1.38736,0.36598
240,1.38804,0.36509
241,1.38875,0.36427
242,1.38947,0.36349
243,1.39023,0.36279
244,1.39102,0.36214
245,1.39184,0.36152
246,1.39271,0.36098
247,1.3936,0.36047
248,1.39454,0.36
249,1.39554,0.35958
250,1.39656,0.35918
251,1.39765,0.35883
252,1.39879,0.3585
253,1.39996,0.35819
254,1.40121,0.35792
255,1.4025,0.35765
256,1.40384,0.3574
257,1.40526,0.35715
258,1.40671,0.35691
259,1.40823,0.35667
260,1.40982,0.35643
261,1.41144,0.35618
262,1.41313,0.35591
263,1.41488,0.35563
264,1.41666,0.35533
265,1.41852,0.35499
266,1.42041,0.35463
267,1.42235,0.35425
268,1.42435,0.35381
269,1.42638,0.35334
270,1.42845,0.35283
271,1.43056,0.35226
272,1.4327,0.35166
273,1.43488,0.35099
274,1.43708,0.35027
275,1.43929,0.3495
276,1.44154,0.34865
277,1.44379,0.34777
278,1.44606,0.34681
279,1.44833,0.34578
280,1.4506,0.34472
281,1.45287,0.34356
282,1.45514,0.34235
283,1.4574,0.3411
284,1.45964,0.33975
285,1.46187,0.33836
286,1.46407,0.33692
287,1.46625,0.3354
288,1.46841,0.33384
289,1.47053,0.33221
290,1.47261,0.33053
291,1.47467,0.32882
292,1.47667,0.32703
293,1.47864,0.32521
294,1.48057,0.32335
295,1.48244,0.32144
296,1.48428,0.3195
297,1.48606,0.31752
298,1.48779,0.3155
299,1.48948,0.31347
300,1.4911,0.31139
301,1.49267,0.3093
302,1.49421,0.30718
303,1.49566,0.30504
304,1.49708,0.30289
305,1.49844,0.30073
306,1.49973,0.29855
307,1.50099,0.29637
308,1.50219,0.29417
309,1.50333,0.29197
310,1.50443,0.28977
311,1.50546,0.28757
312,1.50645,0.28538
313,1.5074,0.28318
314,1.50828,0.281
315,1.50913,0.27881
316,1.50992,0.27664
317,1.51067,0.27448
318,1.51138,0.27233
319,1.51204,0.27019
320,1.51266,0.26806
321,1.51325,0.26595
322,1.51378,0.26386
323,1.51428,0.26179
324,1.51475,0.25973
325,1.51517,0.25769
326,1.51557,0.25566
327,1.51593,0.25367
328,1.51625,0.25169
329,1.51656,0.24972
330,1.51682,0.24779
331,1.51706,0.24587
332,1.51727,0.24397
333,1.51745,0.24211
334,1.51761,0.24025
335,1.51774,0.23843
336,1.51785,0.23663
337,1.51794,0.23484
338,1.518,0.23308
339,1.51805,0.23135
340,1.51808,0.22963
341,1.51808,0.22795
342,1.51807,0.22628
343,1.51804,0.22463
344,1.51799,0.22301
345,1.51794,0.22141
346,1.51786,0.21983
347,1.51777,0.21828
348,1.51767,0.21674
349,1.51755,0.21524
350,1.51743,0.21374
351,1.51729,0.21227
352,1.51714,0.21083
353,1.51698,0.2094
354,1.51681,0.208
355,1.51663,0.20661
356,1.51645,0.20524
357,1.51625,0.2039
358,1.51605,0.20257
359,1.51584,0.20126
360,1.51562,0.19998
361,1.5154,0.19871
362,1.51517,0.19746
363,1.51494,0.19623
364,1.5147,0.19501
365,1.51445,0.19382
366,1.5142,0.19264
367,1.51395,0.19147
368,1.51369,0.19033
369,1.51343,0.1892
370,1.51316,0.18809
371,1.5129,0.18699
372,1.51263,0.18591
373,1.51235,0.18485
374,1.51208,0.1838
375,1.5118,0.18276
376,1.51152,0.18174
377,1.51124,0.18074
378,1.51095,0.17974
379,1.51067,0.17877
380,1.51038,0.17781
381,1.51009,0.17686
382,1.5098,0.17592
383,1.50952,0.17499
384,1.50923,0.17409
385,1.50894,0.17319
386,1.50865,0.1723
387,1.50835,0.17143
388,1.50806,0.17057
389,1.50777,0.16972
390,1.50748,0.16888
391,1.50719,0.16805
392,1.5069,0.16724
393,1.50661,0.16644
394,1.50632,0.16564
395,1.50603,0.16486
396,1.50574,0.16409
397,1.50546,0.16332
398,1.50517,0.16257
399,1.50488,0.16183
400,1.5046,0.1611
401,1.50431,0.16038
402,1.50403,0.15966
403,1.50375,0.15896
404,1.50346,0.15826
405,1.50318,0.15757
406,1.50291,0.1569
407,1.50263,0.15623
408,1.50235,0.15557
409,1.50208,0.15492
410,1.5018,0.15427
411,1.50153,0.15364
412,1.50126,0.15301
413,1.50099,0.15239
414,1.50072,0.15178
415,1.50046,0.15117
416,1.50019,0.15057
417,1.49993,0.14998
418,1.49966,0.1494
419,1.4994,0.14882
420,1.49914,0.14825
421,1.49889,0.14769
422,1.49863,0.14714
423,1.49838,0.14659
424,1.49813,0.14604
425,1.49787,0.14551
426,1.49763,0.14498
427,1.49738,0.14445
428,1.49713,0.14394
429,1.49689,0.14342
430,1.49665,0.14292
431,1.4964,0.14242
432,1.49617,0.14192
433,1.49593,0.14143
434,1.49569,0.14095
435,1.49546,0.14047
436,1.49523,0.14
437,1.495,0.13953
438,1.49477,0.13907
439,1.49454,0.13861
440,1.49431,0.13816
441,1.49409,0.13771
442,1.49387,0.13727
443,1.49365,0.13683
444,1.49343,0.1364
445,1.49321,0.13597
446,1.493,0.13555
447,1.49278,0.13513
448,1.49257,0.13471
449,1.49236,0.1343
450,1.49215,0.13389
451,1.49195,0.13349
452,1.49174,0.13309
453,1.49154,0.1327
454,1.49134,0.13231
455,1.49114,0.13192
456,1.49094,0.13154
457,1.49074,0.13116
458,1.49055,0.13079
459,1.49035,0.13042
460,1.49016,0.13005
461,1.48997,0.12969
462,1.48978,0.12933
463,1.48959,0.12897
464,1.48941,0.12862
465,1.48922,0.12827
466,1.48904,0.12793
467,1.48886,0.12758
468,1.48868,0.12725
469,1.4885,0.12691
470,1.48833,0.12658
471,1.48815,0.12625
472,1.48798,0.12592
473,1.48781,0.1256
474,1.48764,0.12528
475,1.48747,0.12496
476,1.4873,0.12465
477,1.48713,0.12433
478,1.48697,0.12402
479,1.48681,0.12372
480,1.48664,0.12342
481,1.48648,0.12311
482,1.48633,0.12282
483,1.48617,0.12252
484,1.48601,0.12223
485,1.48586,0.12194
486,1.4857,0.12165
487,1.48555,0.12137
488,1.4854,0.12109
489,1.48525,0.12081
490,1.48511,0.12053
491,1.48496,0.12025
492,1.48481,0.11998
493,1.48467,0.11971
494,1.48453,0.11944
495,1.48439,0.11918
496,1.48425,0.11891
497,1.48411,0.11865
498,1.48397,0.11839
499,1.48383,0.11814
500,1.4837,0.11788
501,1.48357,0.11763
502,1.48343,0.11738
503,1.4833,0.11713
504,1.48317,0.11688
505,1.48304,0.11664
506,1.48292,0.1164
507,1.48279,0.11615
508,1.48267,0.11592
509,1.48254,0.11568
510,1.48242,0.11544
511,1.4823,0.11521
512,1.48218,0.11498
513,1.48206,0.11475
514,1.48194,0.11452
515,1.48182,0.11429
516,1.48171,0.11407
517,1.48159,0.11385
518,1.48148,0.11363
519,1.48137,0.11341
520,1.48125,0.11319
521,1.48114,0.11297
522,1.48103,0.11276
523,1.48093,0.11254
524,1.48082,0.11233
525,1.48071,0.11212
526,1.48061,0.11191
527,1.4805,0.11171
528,1.4804,0.1115
529,1.4803,0.1113
530,1.4802,0.1111
531,1.4801,0.11089
532,1.48,0.11069
533,1.4799,0.1105
534,1.4798,0.1103
535,1.4797,0.1101
536,1.47961,0.10991
537,1.47951,0.10972
538,1.47942,0.10953
539,1.47933,0.10934
540,1.47924,0.10915
541,1.47915,0.10896
542,1.47906,0.10877
543,1.47897,0.10859
544,1.47888,0.1084
545,1.47879,0.10822
546,1.4787,0.10804
547,1.47862,0.10786
548,1.47854,0.10768
549,1.47845,0.1075
550,1.47837,0.10732
551,1.47829,0.10715
552,1.47821,0.10697
553,1.47812,0.1068
554,1.47805,0.10663
555,1.47797,0.10645
556,1.47789,0.10628
557,1.47781,0.10611
558,1.47774,0.10595
559,1.47766,0.10578
560,1.47758,0.10561
561,1.47751,0.10545
562,1.47744,0.10528
563,1.47736,0.10512
564,1.47729,0.10495
565,1.47722,0.10479
566,1.47715,0.10463
567,1.47708,0.10447
568,1.47701,0.10431
569,1.47695,0.10416
570,1.47688,0.104
571,1.47681,0.10384
572,1.47674,0.10369
573,1.47668,0.10353
574,1.47662,0.10338
575,1.47655,0.10323
576,1.47649,0.10308
577,1.47643,0.10293
578,1.47636,0.10278
579,1.4763,0.10263
580,1.47624,0.10248
581,1.47618,0.10233
582,1.47612,0.10218
583,1.47606,0.10204
584,1.47601,0.10189
585,1.47595,0.10175
586,1.47589,0.1016
587,1.47584,0.10146
588,1.47578,0.10132
589,1.47573,0.10117
590,1.47567,0.10103
591,1.47562,0.10089
592,1.47557,0.10075
593,1.47551,0.10062
594,1.47546,0.10048
595,1.47541,0.10034
596,1.47536,0.1002
597,1.47531,0.10007
598,1.47526,0.09993
599,1.47521,0.0998
600,1.47516,0.09966
601,1.47511,0.09953
602,1.47507,0.0994
603,1.47502,0.09926
604,1.47497,0.09913
605,1.47493,0.099
606,1.47488,0.09887
607,1.47484,0.09874
608,1.47479,0.09861
609,1.47475,0.09848
610,1.47471,0.09835
611,1.47467,0.09823
612,1.47462,0.0981
613,1.47458,0.09797
614,1.47454,0.09785
615,1.4745,0.09772
616,1.47446,0.0976
617,1.47442,0.09747
618,1.47438,0.09735
619,1.47434,0.09722
620,1.4743,0.0971
621,1.47427,0.09698
622,1.47423,0.09686
623,1.47419,0.09674
624,1.47415,0.09662
625,1.47412,0.0965
626,1.47408,0.09638
627,1.47405,0.09626
628,1.47401,0.09614
629,1.47398,0.09602
630,1.47394,0.0959
631,1.47391,0.09578
632,1.47388,0.09567
633,1.47385,0.09555
634,1.47381,0.09543
635,1.47378,0.09532
636,1.47375,0.0952
637,1.47372,0.09509
638,1.47369,0.09497
639,1.47366,0.09486
640,1.47363,0.09475
641,1.4736,0.09463
642,1.47357,0.09452
643,1.47354,0.09441
644,1.47351,0.0943
645,1.47348,0.09419
646,1.47346,0.09408
647,1.47343,0.09396
648,1.4734,0.09385
649,1.47338,0.09374
650,1.47335,0.09363
651,1.47332,0.09353
652,1.4733,0.09342
653,1.47327,0.09331
654,1.47325,0.0932
655,1.47322,0.09309
656,1.4732,0.09299
657,1.47317,0.09288
658,1.47315,0.09277
659,1.47313,0.09267
660,1.47311,0.09256
661,1.47308,0.09245
662,1.47306,0.09235
663,1.47304,0.09224
664,1.47302,0.09214
665,1.473,0.09203
666,1.47297,0.09193
667,1.47295,0.09183
668,1.47293,0.09172
669,1.47291,0.09162
670,1.47289,0.09152
671,1.47287,0.09142
672,1.47285,0.09131
673,1.47283,0.09121
674,1.47282,0.09111
675,1.4728,0.09101
676,1.47278,0.09091
677,1.47276,0.09081
678,1.47274,0.09071
679,1.47273,0.09061
680,1.47271,0.09051
681,1.47269,0.09041
682,1.47268,0.09031
683,1.47266,0.09021
684,1.47264,0.09011
685,1.47263,0.09001
686,1.47261,0.08992
687,1.4726,0.08982
688,1.47258,0.08972
689,1.47257,0.08962
690,1.47255,0.08953
691,1.47254,0.08943
692,1.47252,0.08933
693,1.47251,0.08924
694,1.4725,0.08914
695,1.47248,0.08904
696,1.47247,0.08895
697,1.47245,0.08885
698,1.47244,0.08876
699,1.47243,0.08866
700,1.47242,0.08857
701,1.4724,0.08847
702,1.47239,0.08838
703,1.47238,0.08829
704,1.47237,0.08819
705,1.47236,0.0881
706,1.47235,0.08801
707,1.47233,0.08791
708,1.47232,0.08782
709,1.47231,0.08773
710,1.4723,0.08763
711,1.47229,0.08754
712,1.47228,0.08745
713,1.47227,0.08736
714,1.47226,0.08727
715,1.47225,0.08717
716,1.47224,0.08708
717,1.47223,0.08699
718,1.47222,0.0869
719,1.47222,0.08681
720,1.47221,0.08672
721,1.4722,0.08663
722,1.47219,0.08654
723,1.47218,0.08645
724,1.47217,0.08636
725,1.47217,0.08627
726,1.47216,0.08618
727,1.47215,0.08609
728,1.47214,0.086
729,1.47213,0.08591
730,1.47213,0.08583
731,1.47212,0.08574
732,1.47211,0.08565
733,1.47211,0.08556
734,1.4721,0.08547
735,1.47209,0.08539
736,1.47209,0.0853
737,1.47208,0.08521
738,1.47207,0.08512
739,1.47207,0.08504
740,1.47206,0.08495
741,1.47206,0.08486
742,1.47205,0.08478
743,1.47205,0.08469
744,1.47204,0.0846
745,1.47204,0.08452
746,1.47203,0.08443
747,1.47203,0.08435
748,1.47202,0.08426
749,1.47202,0.08417
750,1.47201,0.08409
751,1.47201,0.084
752,1.472,0.08392
753,1.472,0.08383
754,1.47199,0.08375
755,1.47199,0.08367
756,1.47199,0.08358
757,1.47198,0.0835
758,1.47198,0.08341
759,1.47197,0.08333
760,1.47197,0.08324
761,1.47197,0.08316
762,1.47196,0.08308
763,1.47196,0.08299
764,1.47196,0.08291
765,1.47195,0.08283
766,1.47195,0.08274
767,1.47195,0.08266
768,1.47195,0.08258
769,1.47194,0.0825
770,1.47194,0.08241
771,1.47194,0.08233
772,1.47193,0.08225
773,1.47193,0.08217
774,1.47193,0.08208
775,1.47193,0.082
776,1.47192,0.08192
777,1.47192,0.08184
778,1.47192,0.08176
779,1.47192,0.08168
780,1.47192,0.08159
781,1.47191,0.08151
782,1.47191,0.08143
783,1.47191,0.08135
784,1.47191,0.08127
785,1.47191,0.08119
786,1.47191,0.08111
787,1.4719,0.08103
788,1.4719,0.08095
789,1.4719,0.08087
790,1.4719,0.08079
791,1.4719,0.08071
792,1.4719,0.08063
793,1.4719,0.08055
794,1.47189,0.08047
795,1.47189,0.08039
796,1.47189,0.08031
797,1.47189,0.08023
798,1.47189,0.08015
799,1.47189,0.08007
800,1.47189,0.07999
801,1.47189,0.07991
802,1.47189,0.07983
803,1.47189,0.07975
804,1.47189,0.07967
805,1.47189,0.0796
806,1.47189,0.07952
807,1.47188,0.07944
808,1.47188,0.07936
809,1.47188,0.07928
810,1.47188,0.0792
811,1.47188,0.07913
812,1.47188,0.07905
813,1.47188,0.07897
814,1.47188,0.07889
815,1.47188,0.07881
816,1.47188,0.07874
817,1.47188,0.07866
818,1.47188,0.07858
819,1.47188,0.0785
820,1.47188,0.07843
821,1.47188,0.07835
822,1.47188,0.07827
823,1.47188,0.0782
824,1.47188,0.07812
825,1.47188,0.07804
826,1.47188,0.07797
827,1.47188,0.07789
828,1.47188,0.07781
829,1.47188,0.07774
830,1.47188,0.07766
831,1.47188,0.07758
832,1.47188,0.07751
833,1.47188,0.07743
834,1.47188,0.07736
835,1.47188,0.07728
836,1.47188,0.0772
837,1.47188,0.07713
838,1.47188,0.07705
839,1.47188,0.07698
840,1.47188,0.0769
841,1.47188,0.07683
842,1.47188,0.07675
843,1.47188,0.07668
844,1.47188,0.0766
845,1.47188,0.07653
846,1.47188,0.07645
847,1.47188,0.07638
848,1.47188,0.0763
849,1.47188,0.07623
850,1.47188,0.07615
851,1.47188,0.07608
852,1.47188,0.076
853,1.47188,0.07593
854,1.47188,0.07585
855,1.47188,0.07578
856,1.47188,0.0757
857,1.47188,0.07563
858,1.47188,0.07556
859,1.47188,0.07548
860,1.47189,0.07541
861,1.47189,0.07533
862,1.47189,0.07526
863,1.47189,0.07519
864,1.47189,0.07511
865,1.47189,0.07504
866,1.47189,0.07497
867,1.47189,0.07489
868,1.47189,0.07482
869,1.47189,0.07475
870,1.47189,0.07467
871,1.47189,0.0746
872,1.47189,0.07453
873,1.47189,0.07445
874,1.47189,0.07438
875,1.47189,0.07431
876,1.47189,0.07424
877,1.47189,0.07416
878,1.47189,0.07409
879,1.47189,0.07402
880,1.47189,0.07394
881,1.47189,0.07387
882,1.47189,0.0738
883,1.47189,0.07373
884,1.47188,0.07366
885,1.47188,0.07358
886,1.47188,0.07351
887,1.47188,0.07344
888,1.47188,0.07337
889,1.47188,0.07329
890,1.47188,0.07322
891,1.47188,0.07315
892,1.47188,0.07308
893,1.47188,0.07301
894,1.47188,0.07294
895,1.47188,0.07286
896,1.47188,0.07279
897,1.47188,0.07272
898,1.47188,0.07265
899,1.47188,0.07258
900,1.47188,0.07251
901,1.47188,0.07244
902,1.47188,0.07237
903,1.47188,0.0723
904,1.47188,0.07222
905,1.47187,0.07215
906,1.47187,0.07208
907,1.47187,0.07201
908,1.47187,0.07194
909,1.47187,0.07187
910,1.47187,0.0718
911,1.47187,0.07173
912,1.47187,0.07166
913,1.47187,0.07159
914,1.47187,0.07152
915,1.47186,0.07145
916,1.47186,0.07138
917,1.47186,0.07131
918,1.47186,0.07124
919,1.47186,0.07117
920,1.47186,0.0711
921,1.47186,0.07103
922,1.47186,0.07096
923,1.47185,0.07089
924,1.47185,0.07082
925,1.47185,0.07075
926,1.47185,0.07068
927,1.47185,0.07061
928,1.47185,0.07054
929,1.47184,0.07047
930,1.47184,0.0704
931,1.47184,0.07033
932,1.47184,0.07026
933,1.47184,0.07019
934,1.47183,0.07012
935,1.47183,0.07005
936,1.47183,0.06999
937,1.47183,0.06992
938,1.47183,0.06985
939,1.47183,0.06978
940,1.47182,0.06971
941,1.47182,0.06964
942,1.47182,0.06957
943,1.47182,0.0695
944,1.47181,0.06944
945,1.47181,0.06937
946,1.47181,0.0693
947,1.47181,0.06923
948,1.4718,0.06916
949,1.4718,0.06909
950,1.4718,0.06902
951,1.4718,0.06896
952,1.47179,0.06889
953,1.47179,0.06882
954,1.47179,0.06875
955,1.47178,0.06868
956,1.47178,0.06862
957,1.47178,0.06855
958,1.47178,0.06848
959,1.47177,0.06841
960,1.47177,0.06835
961,1.47177,0.06828
962,1.47176,0.06821
963,1.47176,0.06814
964,1.47176,0.06808
965,1.47175,0.06801
966,1.47175,0.06794
967,1.47174,0.06787
968,1.47174,0.06781
969,1.47174,0.06774
970,1.47173,0.06767
971,1.47173,0.0676
972,1.47173,0.06754
973,1.47172,0.06747
974,1.47172,0.0674
975,1.47171,0.06734
976,1.47171,0.06727
977,1.47171,0.0672
978,1.4717,0.06714
979,1.4717,0.06707
980,1.47169,0.067
981,1.47169,0.06694
982,1.47168,0.06687
983,1.47168,0.0668
984,1.47168,0.06674
985,1.47167,0.06667
986,1.47167,0.06661
987,1.47166,0.06654
988,1.47166,0.06647
989,1.47165,0.06641
990,1.47165,0.06634
991,1.47164,0.06627
992,1.47164,0.06621
993,1.47163,0.06614
994,1.47163,0.06608
995,1.47162,0.06601
996,1.47162,0.06595
997,1.47161,0.06588
998,1.47161,0.06581
999,1.4716,0.06575
1000,1.47159,0.06568
1001,1.47159,0.06562
1002,1.47158,0.06555
1003,1.47158,0.06549
1004,1.47157,0.06542
1005,1.47156,0.06536
1006,1.47156,0.06529
1007,1.47155,0.06523
1008,1.47155,0.06516
1009,1.47154,0.0651
1010,1.47153,0.06503
1011,1.47153,0.06497
1012,1.47152,0.0649
1013,1.47152,0.06484
1014,1.47151,0.06477
1015,1.4715,0.06471
1016,1.4715,0.06464
1017,1.47149,0.06458
1018,1.47148,0.06451
1019,1.47148,0.06445
1020,1.47147,0.06438
1021,1.47146,0.06432
1022,1.47146,0.06426
1023,1.47145,0.06419
1024,1.47144,0.06413
1025,1.47144,0.06406
1026,1.47143,0.064
1027,1.47142,0.06393
1028,1.47141,0.06387
1029,1.47141,0.06381
1030,1.4714,0.06374
1031,1.47139,0.06368
1032,1.47139,0.06361
1033,1.47138,0.06355
1034,1.47137,0.06349
1035,1.47136,0.06342
1036,1.47135,0.06336
1037,1.47135,0.0633
1038,1.47134,0.06323
1039,1.47133,0.06317
1040,1.47132,0.06311
1041,1.47131,0.06304
1042,1.47131,0.06298
1043,1.4713,0.06292
1044,1.47129,0.06285
1045,1.47128,0.06279
1046,1.47127,0.06273
1047,1.47126,0.06266
1048,1.47125,0.0626
1049,1.47125,0.06254
1050,1.47124,0.06247
1051,1.47123,0.06241
1052,1.47122,0.06235
1053,1.47121,0.06229
1054,1.4712,0.06222
1055,1.47119,0.06216
1056,1.47118,0.0621
1057,1.47117,0.06204
1058,1.47116,0.06197
1059,1.47116,0.06191
1060,1.47115,0.06185
1061,1.47114,0.06179
1062,1.47113,0.06172
1063,1.47112,0.06166
1064,1.47111,0.0616
1065,1.4711,0.06154
1066,1.47109,0.06147
1067,1.47108,0.06141
1068,1.47107,0.06135
1069,1.47106,0.06129
1070,1.47105,0.06123
1071,1.47104,0.06117
1072,1.47103,0.0611
1073,1.47102,0.06104
1074,1.47101,0.06098
1075,1.47099,0.06092
1076,1.47098,0.06086
1077,1.47097,0.06079
1078,1.47096,0.06073
1079,1.47095,0.06067
1080,1.47094,0.06061
1081,1.47093,0.06055
1082,1.47092,0.06049
1083,1.47091,0.06043
1084,1.4709,0.06037
1085,1.47089,0.0603
1086,1.47087,0.06024
1087,1.47086,0.06018
1088,1.47085,0.06012
1089,1.47084,0.06006
1090,1.47083,0.06
1091,1.47082,0.05994
1092,1.4708,0.05988
1093,1.47079,0.05982
1094,1.47078,0.05976
1095,1.47077,0.0597
1096,1.47076,0.05964
1097,1.47074,0.05958
1098,1.47073,0.05951
1099,1.47072,0.05945
1100,1.47071,0.05939
1101,1.4707,0.05933
1102,1.47068,0.05927
1103,1.47067,0.05921
1104,1.47066,0.05915
1105,1.47065,0.05909
1106,1.47063,0.05903
1107,1.47062,0.05897
1108,1.47061,0.05891
1109,1.47059,0.05885
1110,1.47058,0.05879
1111,1.47057,0.05873
1112,1.47055,0.05867
1113,1.47054,0.05861
1114,1.47053,0.05855
1115,1.47051,0.05849
1116,1.4705,0.05844
1117,1.47049,0.05838
1118,1.47047,0.05832
1119,1.47046,0.05826
1120,1.47045,0.0582
1121,1.47043,0.05814
1122,1.47042,0.05808
1123,1.4704,0.05802
1124,1.47039,0.05796
1125,1.47038,0.0579
1126,1.47036,0.05784
1127,1.47035,0.05778
1128,1.47033,0.05772
1129,1.47032,0.05767
1130,1.4703,0.05761
1131,1.47029,0.05755
1132,1.47028,0.05749
1133,1.47026,0.05743
1134,1.47025,0.05737
1135,1.47023,0.05731
1136,1.47022,0.05726
1137,1.4702,0.0572
1138,1.47019,0.05714
1139,1.47017,0.05708
1140,1.47016,0.05702
1141,1.47014,0.05696
1142,1.47012,0.05691
1143,1.47011,0.05685
1144,1.47009,0.05679
1145,1.47008,0.05673
1146,1.47006,0.05667
1147,1.47005,0.05661
1148,1.47003,0.05656
1149,1.47002,0.0565
1150,1.47,0.05644
1151,1.46998,0.05638
1152,1.46997,0.05633
1153,1.46995,0.05627
1154,1.46994,0.05621
1155,1.46992,0.05615
1156,1.4699,0.0561
1157,1.46989,0.05604
1158,1.46987,0.05598
1159,1.46985,0.05592
1160,1.46984,0.05587
1161,1.46982,0.05581
1162,1.4698,0.05575
1163,1.46979,0.05569
1164,1.46977,0.05564
1165,1.46975,0.05558
1166,1.46973,0.05552
1167,1.46972,0.05547
1168,1.4697,0.05541
1169,1.46968,0.05535
1170,1.46967,0.0553
1171,1.46965,0.05524
1172,1.46963,0.05518
1173,1.46961,0.05513
1174,1.4696,0.05507
1175,1.46958,0.05501
1176,1.46956,0.05496
1177,1.46954,0.0549
1178,1.46952,0.05484
1179,1.46951,0.05479
1180,1.46949,0.05473
1181,1.46947,0.05467
1182,1.46945,0.05462
1183,1.46943,0.05456
1184,1.46941,0.05451
1185,1.4694,0.05445
1186,1.46938,0.05439
1187,1.46936,0.05434
1188,1.46934,0.05428
1189,1.46932,0.05423
1190,1.4693,0.05417
1191,1.46928,0.05411
1192,1.46926,0.05406
1193,1.46925,0.054
1194,1.46923,0.05395
1195,1.46921,0.05389
1196,1.46919,0.05384
1197,1.46917,0.05378
1198,1.46915,0.05373
1199,1.46913,0.05367
1200,1.46911,0.05361
1201,1.46909,0.05356
1202,1.46907,0.0535
1203,1.46905,0.05345
1204,1.46903,0.05339
1205,1.46901,0.05334
1206,1.46899,0.05328
1207,1.46897,0.05323
1208,1.46895,0.05317
1209,1.46893,0.05312
1210,1.46891,0.05306
1211,1.46889,0.05301
1212,1.46887,0.05295
1213,1.46885,0.0529
1214,1.46883,0.05285
1215,1.46881,0.05279
1216,1.46879,0.05274
1217,1.46877,0.05268
1218,1.46875,0.05263
1219,1.46873,0.05257
1220,1.4687,0.05252
1221,1.46868,0.05246
1222,1.46866,0.05241
1223,1.46864,0.05236
1224,1.46862,0.0523
1225,1.4686,0.05225
1226,1.46858,0.05219
1227,1.46856,0.05214
1228,1.46853,0.05209
1229,1.46851,0.05203
1230,1.46849,0.05198
1231,1.46847,0.05192
1232,1.46845,0.05187
1233,1.46842,0.05182
1234,1.4684,0.05176
1235,1.46838,0.05171
1236,1.46836,0.05166
1237,1.46834,0.0516
1238,1.46831,0.05155
1239,1.46829,0.0515
1240,1.46827,0.05144
1241,1.46825,0.05139
1242,1.46822,0.05134
1243,1.4682,0.05128
1244,1.46818,0.05123
1245,1.46816,0.05118
1246,1.46813,0.05112
1247,1.46811,0.05107
1248,1.46809,0.05102
1249,1.46807,0.05097
1250,1.46804,0.05091
1251,1.46802,0.05086
1252,1.468,0.05081
1253,1.46797,0.05075
1254,1.46795,0.0507
1255,1.46793,0.05065
1256,1.4679,0.0506
1257,1.46788,0.05054
1258,1.46785,0.05049
1259,1.46783,0.05044
1260,1.46781,0.05039
1261,1.46778,0.05034
1262,1.46776,0.05028
1263,1.46774,0.05023
1264,1.46771,0.05018
1265,1.46769,0.05013
1266,1.46766,0.05008
1267,1.46764,0.05002
1268,1.46761,0.04997
1269,1.46759,0.04992
1270,1.46757,0.04987
1271,1.46754,0.04982
1272,1.46752,0.04976
1273,1.46749,0.04971
1274,1.46747,0.04966
1275,1.46744,0.04961
1276,1.46742,0.04956
1277,1.46739,0.04951
1278,1.46737,0.04946
1279,1.46734,0.0494
1280,1.46732,0.04935
1281,1.46729,0.0493
1282,1.46727,0.04925
1283,1.46724,0.0492
1284,1.46722,0.04915
1285,1.46719,0.0491
1286,1.46716,0.04905
1287,1.46714,0.049
1288,1.46711,0.04894
1289,1.46709,0.04889
1290,1.46706,0.04884
1291,1.46704,0.04879
1292,1.46701,0.04874
1293,1.46698,0.04869
1294,1.46696,0.04864
1295,1.46693,0.04859
1296,1.4669,0.04854
1297,1.46688,0.04849
1298,1.46685,0.04844
1299,1.46683,0.04839
1300,1.4668,0.04834
1301,1.46677,0.04829
1302,1.46675,0.04824
1303,1.46672,0.04819
1304,1.46669,0.04814
1305,1.46667,0.04809
1306,1.46664,0.04804
1307,1.46661,0.04799
1308,1.46659,0.04794
1309,1.46656,0.04789
1310,1.46653,0.04784
1311,1.4665,0.04779
1312,1.46648,0.04774
1313,1.46645,0.04769
1314,1.46642,0.04764
1315,1.46639,0.04759
1316,1.46637,0.04754
1317,1.46634,0.04749
1318,1.46631,0.04744
1319,1.46628,0.04739
1320,1.46625,0.04734
1321,1.46623,0.04729
1322,1.4662,0.04724
1323,1.46617,0.04719
1324,1.46614,0.04714
1325,1.46611,0.04709
1326,1.46609,0.04705
1327,1.46606,0.047
1328,1.46603,0.04695
1329,1.466,0.0469
1330,1.46597,0.04685
1331,1.46594,0.0468
1332,1.46592,0.04675
1333,1.46589,0.0467
1334,1.46586,0.04665
1335,1.46583,0.04661
1336,1.4658,0.04656
1337,1.46577,0.04651
1338,1.46574,0.04646
1339,1.46571,0.04641
1340,1.46568,0.04636
1341,1.46565,0.04632
1342,1.46563,0.04627
1343,1.4656,0.04622
1344,1.46557,0.04617
1345,1.46554,0.04612
1346,1.46551,0.04607
1347,1.46548,0.04603
1348,1.46545,0.04598
1349,1.46542,0.04593
1350,1.46539,0.04588
1351,1.46536,0.04583
1352,1.46533,0.04579
1353,1.4653,0.04574
1354,1.46527,0.04569
1355,1.46524,0.04564
1356,1.46521,0.0456
1357,1.46518,0.04555
1358,1.46515,0.0455
1359,1.46512,0.04545
1360,1.46509,0.04541
1361,1.46506,0.04536
1362,1.46503,0.04531
1363,1.465,0.04526
1364,1.46497,0.04522
1365,1.46493,0.04517
1366,1.4649,0.04512
1367,1.46487,0.04508
1368,1.46484,0.04503
1369,1.46481,0.04498
1370,1.46478,0.04493
1371,1.46475,0.04489
1372,1.46472,0.04484
1373,1.46469,0.04479
1374,1.46465,0.04475
1375,1.46462,0.0447
1376,1.46459,0.04465
1377,1.46456,0.04461
1378,1.46453,0.04456
1379,1.4645,0.04451
1380,1.46447,0.04447
1381,1.46443,0.04442
1382,1.4644,0.04438
1383,1.46437,0.04433
1384,1.46434,0.04428
1385,1.46431,0.04424
1386,1.46427,0.04419
1387,1.46424,0.04414
1388,1.46421,0.0441
1389,1.46418,0.04405
1390,1.46414,0.04401
1391,1.46411,0.04396
1392,1.46408,0.04391
1393,1.46405,0.04387
1394,1.46401,0.04382
1395,1.46398,0.04378
1396,1.46395,0.04373
1397,1.46392,0.04369
1398,1.46388,0.04364
1399,1.46385,0.04359
1400,1.46382,0.04355
1401,1.46378,0.0435
1402,1.46375,0.04346
1403,1.46372,0.04341
1404,1.46369,0.04337
1405,1.46365,0.04332
1406,1.46362,0.04328
1407,1.46359,0.04323
1408,1.46355,0.04319
1409,1.46352,0.04314
1410,1.46349,0.0431
1411,1.46345,0.04305
1412,1.46342,0.04301
1413,1.46338,0.04296
1414,1.46335,0.04292
1415,1.46332,0.04287
1416,1.46328,0.04283
1417,1.46325,0.04278
1418,1.46321,0.04274
1419,1.46318,0.04269
1420,1.46315,0.04265
1421,1.46311,0.0426
1422,1.46308,0.04256
1423,1.46304,0.04252
1424,1.46301,0.04247
1425,1.46297,0.04243
1426,1.46294,0.04238
1427,1.46291,0.04234
1428,1.46287,0.04229
1429,1.46284,0.04225
1430,1.4628,0.04221
1431,1.46277,0.04216
1432,1.46273,0.04212
1433,1.4627,0.04207
1434,1.46266,0.04203
1435,1.46263,0.04199
1436,1.46259,0.04194
1437,1.46256,0.0419
1438,1.46252,0.04185
1439,1.46249,0.04181
1440,1.46245,0.04177
1441,1.46242,0.04172
1442,1.46238,0.04168
1443,1.46234,0.04164
1444,1.46231,0.04159
1445,1.46227,0.04155
1446,1.46224,0.04151
1447,1.4622,0.04146
1448,1.46217,0.04142
1449,1.46213,0.04138
1450,1.46209,0.04133
1451,1.46206,0.04129
1452,1.46202,0.04125
1453,1.46199,0.0412
1454,1.46195,0.04116
1455,1.46191,0.04112
1456,1.46188,0.04108
1457,1.46184,0.04103
1458,1.4618,0.04099
1459,1.46177,0.04095
1460,1.46173,0.0409
1461,1.4617,0.04086
1462,1.46166,0.04082
1463,1.46162,0.04078
1464,1.46158,0.04073
1465,1.46155,0.04069
1466,1.46151,0.04065
1467,1.46147,0.04061
1468,1.46144,0.04056
1469,1.4614,0.04052
1470,1.46136,0.04048
1471,1.46133,0.04044
1472,1.46129,0.04039
1473,1.46125,0.04035
1474,1.46121,0.04031
1475,1.46118,0.04027
1476,1.46114,0.04023
1477,1.4611,0.04018
1478,1.46106,0.04014
1479,1.46103,0.0401
1480,1.46099,0.04006
1481,1.46095,0.04002
1482,1.46091,0.03998
1483,1.46088,0.03993
1484,1.46084,0.03989
1485,1.4608,0.03985
1486,1.46076,0.03981
1487,1.46072,0.03977
1488,1.46069,0.03973
1489,1.46065,0.03968
1490,1.46061,0.03964
1491,1.46057,0.0396
1492,1.46053,0.03956
1493,1.4605,0.03952
1494,1.46046,0.03948
1495,1.46042,0.03944
1496,1.46038,0.0394
1497,1.46034,0.03935
1498,1.4603,0.03931
1499,1.46026,0.03927
1500,1.46022,0.03923
1501,1.46019,0.03919
1502,1.46015,0.03915
1503,1.46011,0.03911
1504,1.46007,0.03907
1505,1.46003,0.03903
1506,1.45999,0.03899
1507,1.45995,0.03895
1508,1.45991,0.03891
1509,1.45987,0.03887
1510,1.45983,0.03883
1511,1.45979,0.03878
1512,1.45976,0.03874
1513,1.45972,0.0387
1514,1.45968,0.03866
1515,1.45964,0.03862
1516,1.4596,0.03858
1517,1.45956,0.03854
1518,1.45952,0.0385
1519,1.45948,0.03846
1520,1.45944,0.03842
1521,1.4594,0.03838
1522,1.45936,0.03834
1523,1.45932,0.0383
1524,1.45928,0.03826
1525,1.45924,0.03822
1526,1.4592,0.03818
1527,1.45916,0.03814
1528,1.45912,0.0381
1529,1.45908,0.03806
1530,1.45904,0.03802
1531,1.459,0.03799
1532,1.45896,0.03795
1533,1.45891,0.03791
1534,1.45887,0.03787
1535,1.45883,0.03783
1536,1.45879,0.03779
1537,1.45875,0.03775
1538,1.45871,0.03771
1539,1.45867,0.03767
1540,1.45863,0.03763
1541,1.45859,0.03759
1542,1.45855,0.03755
1543,1.45851,0.03751
1544,1.45847,0.03748
1545,1.45842,0.03744
1546,1.45838,0.0374
1547,1.45834,0.03736
1548,1.4583,0.03732
1549,1.45826,0.03728
1550,1.45822,0.03724
1551,1.45818,0.0372
1552,1.45813,0.03717
1553,1.45809,0.03713
1554,1.45805,0.03709
1555,1.45801,0.03705
1556,1.45797,0.03701
1557,1.45793,0.03697
1558,1.45788,0.03693
1559,1.45784,0.0369
1560,1.4578,0.03686
1561,1.45776,0.03682
1562,1.45772,0.03678
1563,1.45767,0.03674
1564,1.45763,0.0367
1565,1.45759,0.03667
1566,1.45755,0.03663
1567,1.4575,0.03659
1568,1.45746,0.03655
1569,1.45742,0.03651
1570,1.45738,0.03648
1571,1.45734,0.03644
1572,1.45729,0.0364
1573,1.45725,0.03636
1574,1.45721,0.03633
1575,1.45716,0.03629
1576,1.45712,0.03625
1577,1.45708,0.03621
1578,1.45704,0.03617
1579,1.45699,0.03614
1580,1.45695,0.0361
1581,1.45691,0.03606
1582,1.45686,0.03602
1583,1.45682,0.03599
1584,1.45678,0.03595
1585,1.45673,0.03591
1586,1.45669,0.03588
1587,1.45665,0.03584
1588,1.4566,0.0358
1589,1.45656,0.03577
1590,1.45652,0.03573
1591,1.45647,0.03569
1592,1.45643,0.03565
1593,1.45639,0.03562
1594,1.45634,0.03558
1595,1.4563,0.03554
1596,1.45626,0.03551
1597,1.45621,0.03547
1598,1.45617,0.03543
1599,1.45612,0.0354
1600,1.45608,0.03536
1601,1.45604,0.03532
1602,1.45599,0.03529
1603,1.45595,0.03525
1604,1.4559,0.03521
1605,1.45586,0.03518
1606,1.45581,0.03514
1607,1.45577,0.0351
1608,1.45573,0.03507
1609,1.45568,0.03503
1610,1.45564,0.035
1611,1.45559,0.03496
1612,1.45555,0.03492
1613,1.4555,0.03489
1614,1.45546,0.03485
1615,1.45541,0.03482
1616,1.45537,0.03478
1617,1.45532,0.03474
1618,1.45528,0.03471
1619,1.45523,0.03467
1620,1.45519,0.03464
1621,1.45514,0.0346
1622,1.4551,0.03456
1623,1.45505,0.03453
1624,1.45501,0.03449
1625,1.45496,0.03446
1626,1.45492,0.03442
1627,1.45487,0.03439
1628,1.45483,0.03435
1629,1.45478,0.03432
1630,1.45474,0.03428
1631,1.45469,0.03425
1632,1.45464,0.03421
1633,1.4546,0.03417
1634,1.45455,0.03414
1635,1.45451,0.0341
1636,1.45446,0.03407
1637,1.45442,0.03403
1638,1.45437,0.034
1639,1.45432,0.03396
1640,1.45428,0.03393
1641,1.45423,0.03389
1642,1.45419,0.03386
1643,1.45414,0.03382
1644,1.45409,0.03379
1645,1.45405,0.03375
1646,1.454,0.03372
1647,1.45396,0.03368
1648,1.45391,0.03365
1649,1.45386,0.03362
1650,1.45382,0.03358
1651,1.45377,0.03355
1652,1.45372,0.03351
1653,1.45368,0.03348
1654,1.45363,0.03344
1655,1.45358,0.03341
1656,1.45354,0.03337
1657,1.45349,0.03334
1658,1.45344,0.03331
1659,1.4534,0.03327
1660,1.45335,0.03324
1661,1.4533,0.0332
1662,1.45326,0.03317
1663,1.45321,0.03314
1664,1.45316,0.0331
1665,1.45311,0.03307
1666,1.45307,0.03303
1667,1.45302,0.033
1668,1.45297,0.03297
1669,1.45293,0.03293
1670,1.45288,0.0329
1671,1.45283,0.03286
1672,1.45278,0.03283
1673,1.45274,0.0328
1674,1.45269,0.03276
1675,1.45264,0.03273
1676,1.45259,0.0327
1677,1.45255,0.03266
1678,1.4525,0.03263
1679,1.45245,0.0326
1680,1.4524,0.03256
1681,1.45235,0.03253
1682,1.45231,0.0325
1683,1.45226,0.03246
1684,1.45221,0.03243
1685,1.45216,0.0324
1686,1.45211,0.03236
1687,1.45207,0.03233
1688,1.45202,0.0323
1689,1.45197,0.03226
1690,1.45192,0.03223
1691,1.45187,0.0322
1692,1.45182,0.03216
1693,1.45178,0.03213
1694,1.45173,0.0321
1695,1.45168,0.03206
1696,1.45163,0.03203
1697,1.45158,0.032
1698,1.45153,0.03197
1699,1.45149,0.03193
1700,1.45144,0.0319
